week,word,pos,clue
"Week 6","I","pron.","我"
"Week 6","am","v.","是（第一人稱）"
"Week 6","it","pron.","它"
"Week 6","is","v.","是（第三人稱單數）"
"Week 6","pen","n.","鋼筆"
"Week 6","bag","n.","袋子"
"Week 7","desk","n.","書桌"
"Week 7","chair","n.","椅子"
"Week 7","yes","adv.","是／對"
"Week 7","no","adv.","不／否"
"Week 7","book","n.","書"
"Week 7","pencil","n.","鉛筆"
"Week 8","name","n.","名字"
"Week 8","eraser","n.","橡皮擦"
"Week 8","picture","n.","圖片"
"Week 8","three","num.","三"
"Week 8","map","n.","地圖"
"Week 8","clock","n.","時鐘"
"Week 9","paper","n.","紙"
"Week 9","yellow","n./adj.","黃色"
"Week 9","crayon","n.","蠟筆"
"Week 9","one","num.","一"
"Week 9","two","num.","二"
"Week 9","three","num.","三"
"Week 10","four","num.","四"
"Week 10","five","num.","五"
"Week 10","six","num.","六"
"Week 10","seven","num.","七"
"Week 10","eight","num.","八"
"Week 10","nine","num.","九"
"Week 11","ten","num.","十"
"Week 11","say","v.","說"
"Week 11","read","v.","讀"
"Week 11","sky","n.","天空"
"Week 11","bird","n.","鳥"
"Week 11","sun","n.","太陽"
"Week 12","free","adj.","自由的／免費的"
"Week 12","rock","n.","岩石"
"Week 12","star","n.","星星"
"Week 12","cloud","n.","雲"
"Week 12","moon","n.","月亮"
"Week 12","flower","n.","花"
"Week 13","river","n.","河流"
"Week 13","butterfly","n.","蝴蝶"
"Week 13","draw","v.","畫"
"Week 13","listen","v.","聽"
"Week 13","point","v.","指"
"Week 13","sing","v.","唱歌"
"Week 14","hand","n.","手"
"Week 14","wall","n.","牆壁"
"Week 14","tablet","n.","平板電腦"
"Week 14","stick","n.","棍子"
"Week 14","sit","v.","坐"
"Week 14","stand","v.","站"
"Week 15","brother","n.","兄弟"
"Week 15","father","n.","父親"
"Week 15","mother","n.","母親"
"Week 15","parents","n.","父母"
"Week 15","sister","n.","姊妹"
"Week 15","me","pron.","我（受格）"
"Week 16","grand","adj.","宏偉的"
"Week 16","family","n.","家庭"
"Week 16","short","adj.","矮的／短的"
"Week 16","tall","adj.","高的"
"Week 16","old","adj.","老的／舊的"
"Week 16","big","adj.","大的"
"Week 17","young","adj.","年輕的"
"Week 17","small","adj.","小的"
"Week 17","shark","n.","鯊魚"
"Week 17","people","n.","人們"
"Week 17","walk","v.","走路"
"Week 17","write","v.","寫"
"Week 18","size","n.","尺寸"
"Week 18","work","v./n.","工作"
"Week 18","play","v.","玩"
"Week 18","different","adj.","不同的"
"Week 18","house","n.","房子"
"Week 18","school","n.","學校"
"Week 19","color","n.","顏色"
"Week 19","red","n./adj.","紅色"
"Week 19","blue","n./adj.","藍色"
"Week 19","yellow","n./adj.","黃色"
"Week 19","white","n./adj.","白色"
"Week 19","black","n./adj.","黑色"
"Week 20","room","n.","房間"
"Week 20","sofa","n.","沙發"
"Week 20","lamp","n.","燈"
"Week 20","bed","n.","床"
"Week 20","bath","n.","浴缸"
"Week 20","kitchen","n.","廚房"
"Week 21","sleeping","v.","睡覺"
"Week 21","taking","v.","拿取"
"Week 21","eating","v.","吃"
"Week 21","cooking","v.","烹飪"
"Week 21","cleaning","v.","打掃"
"Week 21","watching","v.","觀看"
"Week 22","home","n.","家"
"Week 22","live","v.","住／生活"
"Week 22","house","n.","房子"
"Week 22","school","n.","學校"
"Week 22","apartment","n.","公寓"
"Week 22","what","pron.","什麼"
"Week 23","outside","adv./prep.","在外面"
"Week 23","inside","adv./prep.","在裡面"
"Week 23","meat","n.","肉"
"Week 23","clean","adj./v.","乾淨的 / 打掃"
"Week 23","who","pron.","誰"
"Week 23","how","adv.","如何 / 怎樣"
"Week 24","they","pron.","他們"
"Week 24","are","v.","是 (複數/第二人稱)"
"Week 24","he","pron.","他"
"Week 24","she","pron.","她"
"Week 24","green","n./adj.","綠色"
"Week 24","orange","n./adj.","橘色"
"Week 25","up","adv./prep.","向上"
"Week 25","down","adv./prep.","向下"
"Week 25","look","v.","看 / 注視"
"Week 25","do","v.","做"
"Week 25","see","v.","看見"
"Week 25","bush","n.","灌木叢"
"Week 26","clothes","n.","衣服"
"Week 26","gloves","n.","手套"
"Week 26","skirt","n.","裙子"
"Week 26","jacket","n.","夾克"
"Week 26","dress","n.","洋裝"
"Week 26","pants","n.","褲子"
"Week 27","socks","n.","襪子"
"Week 27","shirt","n.","襯衫"
"Week 27","shoes","n.","鞋子"
"Week 27","wear","v.","穿戴"
"Week 27","pink","n./adj.","粉紅色"
"Week 27","hats","n.","帽子"
"Week 28","brown","n./adj.","棕色"
"Week 28","shelf","n.","架子"
"Week 28","closet","n.","衣櫥"
"Week 28","purple","n./adj.","紫色"
"Week 28","turn","v.","轉／輪到"
"Week 28","where","adv.","在哪裡"
"Week 29","that","pron./adj.","那個"
"Week 29","those","pron./adj.","那些"
"Week 29","my","pron.","我的"
"Week 29","fun","adj./n.","有趣的／樂趣"
"Week 29","past","adj./n.","過去的／過去"
"Week 29","special","adj.","特別的"
"Week 30","take","v.","拿取"
"Week 30","care","v./n.","照顧"
"Week 30","toy","n.","玩具"
"Week 30","car","n.","汽車"
"Week 30","ball","n.","球"
"Week 30","kite","n.","風箏"
"Week 31","train","n.","火車"
"Week 31","truck","n.","卡車"
"Week 31","bike","n.","腳踏車"
"Week 31","top","n.","陀螺"
"Week 31","do","v.","做"
"Week 31","does","v.","做（第三人稱單數）"
"Week 32","robot","n.","機器人"
"Week 32","puzzle","n.","拼圖"
"Week 32","game","n.","遊戲"
"Week 32","doll","n.","洋娃娃"
"Week 32","want","v.","想要"
"Week 32","bear","n.","熊"
"Week 33","number","n.","數字 / 號碼 / 數量"
"Week 33","this","pron./adj.","這個 / 這"
"Week 33","these","pron./adj.","這些"
"Week 33","Let's","contraction","讓我們 / 我們來"
"Week 33","on","prep.","在...上 / 在...上面"
"Week 33","in","prep.","在...裡面 / 在...內"
"Week 34","girl","n.","女孩"
"Week 34","boy","n.","男孩"
"Week 34","we","pron.","我們"
"Week 34","then","adv.","然後 / 那時"
"Week 34","children","n.","孩子們 / 兒童"
"Week 34","Korea","n.","韓國"
"Week 35","museum","n.","博物館"
"Week 35","share","v.","分享 / 共用"
"Week 35","your","pron./adj.","你的 / 你們的"
"Week 35","friend","n.","朋友"
"Week 35","with","prep.","和...一起 / 用 / 帶有"
"Week 35","body","n.","身體"
"Week 36","leg","n.","腿"
"Week 36","foot","n.","腳 / 足"
"Week 36","feet","n.","腳（複數） / 足（複數）"
"Week 36","hand","n.","手"
"Week 36","head","n.","頭 / 頭部"
"Week 36","hair","n.","頭髮 / 毛髮"
"Week 37","ear","n.","耳朵"
"Week 37","eye","n.","眼睛"
"Week 37","nose","n.","鼻子"
"Week 37","mouth","n.","嘴巴 / 嘴"
"Week 37","his","pron./adj.","他的"
"Week 37","her","pron./adj.","她的 / 她"
"Week 38","hair","n.","頭髮 / 毛髮"
"Week 38","arms","n.","手臂（複數） / 胳膊"
"Week 38","jump","v.","跳 / 跳躍"
"Week 38","run","v.","跑 / 奔跑"
"Week 38","strong","adj.","強壯的 / 強的"
"Week 38","long","adj.","長的 / 長久的"
"Week 39","move","v.","移動 / 搬動"
"Week 39","dance","v./n.","跳舞 / 舞蹈"
"Week 39","with","prep.","和...一起 / 用 / 帶有"
"Week 39","sculpture","n.","雕塑 / 雕刻作品"
"Week 39","can","v.","能 / 可以"
"Week 39","paint","v./n.","畫畫 / 油漆 / 顏料"
"Week 40","make","v.","做 / 製作"
"Week 40","animal","n.","動物"
"Week 40","moon","n.","月亮"
"Week 40","wash","v.","洗"
"Week 40","brush","v./n.","刷 / 刷子"
"Week 40","teeth","n.","牙齒"
"Week 41","banana","n.","香蕉"
"Week 41","sandwich","n.","三明治"
"Week 41","apple","n.","蘋果"
"Week 41","cookie","n.","餅乾"
"Week 41","good","adj.","好的"
"Week 41","food","n.","食物"
"Week 42","rice","n.","米飯 / 稻米"
"Week 42","soup","n.","湯"
"Week 42","fish","n.","魚"
"Week 42","egg","n.","蛋 / 雞蛋"
"Week 42","chicken","n.","雞肉 / 雞"
"Week 42","don't","contraction","不要 / 不"
"Week 43","like","v.","喜歡"
"Week 43","juice","n.","果汁"
"Week 43","water","n.","水"
"Week 43","lemonade","n.","檸檬水"
"Week 43","tea","n.","茶"
"Week 43","milk","n.","牛奶"
"Week 44","frog","n.","青蛙"
"Week 44","fruit","n.","水果"
"Week 44","vegetable","n.","蔬菜"
"Week 44","drink","v./n.","喝 / 飲料"
"Week 44","circle","n.","圓形 / 圓圈"
"Week 44","star","n.","星星 / 星形"
"Week 45","square","n./adj.","正方形 / 正方形的"
"Week 45","triangle","n.","三角形"
"Week 45","rectangle","n.","長方形 / 矩形"
"Week 45","breakfast","n.","早餐"
"Week 45","lunch","n.","午餐"
"Week 45","dinner","n.","晚餐"
